Rainfall - (MM), Year, Statistics, Country, ISO3
58.5, 1901, Jan Average, South Africa, ZAF
85.8, 1901, Feb Average, South Africa, ZAF
79.1, 1901, Mar Average, South Africa, ZAF
41.1, 1901, Apr Average, South Africa, ZAF
15.0, 1901, May Average, South Africa, ZAF
12.2, 1901, Jun Average, South Africa, ZAF
9.6, 1901, Jul Average, South Africa, ZAF
15.0, 1901, Aug Average, South Africa, ZAF
52.1, 1901, Sep Average, South Africa, ZAF
61.2, 1901, Oct Average, South Africa, ZAF
63.3, 1901, Nov Average, South Africa, ZAF
54.4, 1901, Dec Average, South Africa, ZAF
57.1, 1902, Jan Average, South Africa, ZAF
53.8, 1902, Feb Average, South Africa, ZAF
71.0, 1902, Mar Average, South Africa, ZAF
31.0, 1902, Apr Average, South Africa, ZAF
8.1, 1902, May Average, South Africa, ZAF
19.3, 1902, Jun Average, South Africa, ZAF
10.2, 1902, Jul Average, South Africa, ZAF
18.0, 1902, Aug Average, South Africa, ZAF
45.8, 1902, Sep Average, South Africa, ZAF
32.2, 1902, Oct Average, South Africa, ZAF
33.6, 1902, Nov Average, South Africa, ZAF
52.3, 1902, Dec Average, South Africa, ZAF
40.2, 1903, Jan Average, South Africa, ZAF
43.1, 1903, Feb Average, South Africa, ZAF
26.4, 1903, Mar Average, South Africa, ZAF
41.3, 1903, Apr Average, South Africa, ZAF
20.0, 1903, May Average, South Africa, ZAF
15.2, 1903, Jun Average, South Africa, ZAF
7.6, 1903, Jul Average, South Africa, ZAF
10.8, 1903, Aug Average, South Africa, ZAF
7.6, 1903, Sep Average, South Africa, ZAF
30.6, 1903, Oct Average, South Africa, ZAF
63.0, 1903, Nov Average, South Africa, ZAF
44.0, 1903, Dec Average, South Africa, ZAF
96.3, 1904, Jan Average, South Africa, ZAF
77.6, 1904, Feb Average, South Africa, ZAF
72.8, 1904, Mar Average, South Africa, ZAF
21.4, 1904, Apr Average, South Africa, ZAF
11.4, 1904, May Average, South Africa, ZAF
12.6, 1904, Jun Average, South Africa, ZAF
7.7, 1904, Jul Average, South Africa, ZAF
10.7, 1904, Aug Average, South Africa, ZAF
16.5, 1904, Sep Average, South Africa, ZAF
35.1, 1904, Oct Average, South Africa, ZAF
41.0, 1904, Nov Average, South Africa, ZAF
40.6, 1904, Dec Average, South Africa, ZAF
54.4, 1905, Jan Average, South Africa, ZAF
63.7, 1905, Feb Average, South Africa, ZAF
60.0, 1905, Mar Average, South Africa, ZAF
30.6, 1905, Apr Average, South Africa, ZAF
25.1, 1905, May Average, South Africa, ZAF
16.0, 1905, Jun Average, South Africa, ZAF
3.8, 1905, Jul Average, South Africa, ZAF
13.6, 1905, Aug Average, South Africa, ZAF
36.0, 1905, Sep Average, South Africa, ZAF
29.4, 1905, Oct Average, South Africa, ZAF
47.4, 1905, Nov Average, South Africa, ZAF
61.1, 1905, Dec Average, South Africa, ZAF
53.6, 1906, Jan Average, South Africa, ZAF
62.1, 1906, Feb Average, South Africa, ZAF
56.7, 1906, Mar Average, South Africa, ZAF
19.2, 1906, Apr Average, South Africa, ZAF
24.5, 1906, May Average, South Africa, ZAF
12.0, 1906, Jun Average, South Africa, ZAF
3.1, 1906, Jul Average, South Africa, ZAF
6.8, 1906, Aug Average, South Africa, ZAF
30.0, 1906, Sep Average, South Africa, ZAF
67.1, 1906, Oct Average, South Africa, ZAF
70.5, 1906, Nov Average, South Africa, ZAF
80.0, 1906, Dec Average, South Africa, ZAF
87.6, 1907, Jan Average, South Africa, ZAF
93.0, 1907, Feb Average, South Africa, ZAF
63.4, 1907, Mar Average, South Africa, ZAF
73.7, 1907, Apr Average, South Africa, ZAF
30.3, 1907, May Average, South Africa, ZAF
6.2, 1907, Jun Average, South Africa, ZAF
4.1, 1907, Jul Average, South Africa, ZAF
3.1, 1907, Aug Average, South Africa, ZAF
26.0, 1907, Sep Average, South Africa, ZAF
40.3, 1907, Oct Average, South Africa, ZAF
54.4, 1907, Nov Average, South Africa, ZAF
68.3, 1907, Dec Average, South Africa, ZAF
45.5, 1908, Jan Average, South Africa, ZAF
39.8, 1908, Feb Average, South Africa, ZAF
48.3, 1908, Mar Average, South Africa, ZAF
31.8, 1908, Apr Average, South Africa, ZAF
6.5, 1908, May Average, South Africa, ZAF
14.4, 1908, Jun Average, South Africa, ZAF
16.0, 1908, Jul Average, South Africa, ZAF
19.5, 1908, Aug Average, South Africa, ZAF
24.8, 1908, Sep Average, South Africa, ZAF
46.2, 1908, Oct Average, South Africa, ZAF
44.5, 1908, Nov Average, South Africa, ZAF
47.2, 1908, Dec Average, South Africa, ZAF
109.2, 1909, Jan Average, South Africa, ZAF
116.2, 1909, Feb Average, South Africa, ZAF
83.7, 1909, Mar Average, South Africa, ZAF
39.1, 1909, Apr Average, South Africa, ZAF
39.5, 1909, May Average, South Africa, ZAF
4.7, 1909, Jun Average, South Africa, ZAF
7.0, 1909, Jul Average, South Africa, ZAF
18.1, 1909, Aug Average, South Africa, ZAF
28.5, 1909, Sep Average, South Africa, ZAF
26.1, 1909, Oct Average, South Africa, ZAF
44.5, 1909, Nov Average, South Africa, ZAF
90.2, 1909, Dec Average, South Africa, ZAF
74.8, 1910, Jan Average, South Africa, ZAF
90.9, 1910, Feb Average, South Africa, ZAF
64.3, 1910, Mar Average, South Africa, ZAF
12.5, 1910, Apr Average, South Africa, ZAF
21.0, 1910, May Average, South Africa, ZAF
18.0, 1910, Jun Average, South Africa, ZAF
12.6, 1910, Jul Average, South Africa, ZAF
8.4, 1910, Aug Average, South Africa, ZAF
23.6, 1910, Sep Average, South Africa, ZAF
64.6, 1910, Oct Average, South Africa, ZAF
36.0, 1910, Nov Average, South Africa, ZAF
58.3, 1910, Dec Average, South Africa, ZAF
79.2, 1911, Jan Average, South Africa, ZAF
47.6, 1911, Feb Average, South Africa, ZAF
85.4, 1911, Mar Average, South Africa, ZAF
41.4, 1911, Apr Average, South Africa, ZAF
43.0, 1911, May Average, South Africa, ZAF
14.1, 1911, Jun Average, South Africa, ZAF
22.3, 1911, Jul Average, South Africa, ZAF
19.7, 1911, Aug Average, South Africa, ZAF
21.5, 1911, Sep Average, South Africa, ZAF
48.9, 1911, Oct Average, South Africa, ZAF
56.3, 1911, Nov Average, South Africa, ZAF
29.2, 1911, Dec Average, South Africa, ZAF
53.0, 1912, Jan Average, South Africa, ZAF
76.3, 1912, Feb Average, South Africa, ZAF
39.5, 1912, Mar Average, South Africa, ZAF
47.7, 1912, Apr Average, South Africa, ZAF
17.7, 1912, May Average, South Africa, ZAF
20.9, 1912, Jun Average, South Africa, ZAF
9.7, 1912, Jul Average, South Africa, ZAF
8.1, 1912, Aug Average, South Africa, ZAF
13.8, 1912, Sep Average, South Africa, ZAF
14.7, 1912, Oct Average, South Africa, ZAF
24.0, 1912, Nov Average, South Africa, ZAF
69.2, 1912, Dec Average, South Africa, ZAF
52.2, 1913, Jan Average, South Africa, ZAF
91.9, 1913, Feb Average, South Africa, ZAF
77.8, 1913, Mar Average, South Africa, ZAF
33.0, 1913, Apr Average, South Africa, ZAF
11.0, 1913, May Average, South Africa, ZAF
17.3, 1913, Jun Average, South Africa, ZAF
11.9, 1913, Jul Average, South Africa, ZAF
18.9, 1913, Aug Average, South Africa, ZAF
35.6, 1913, Sep Average, South Africa, ZAF
51.3, 1913, Oct Average, South Africa, ZAF
37.3, 1913, Nov Average, South Africa, ZAF
25.4, 1913, Dec Average, South Africa, ZAF
45.8, 1914, Jan Average, South Africa, ZAF
63.2, 1914, Feb Average, South Africa, ZAF
50.1, 1914, Mar Average, South Africa, ZAF
33.4, 1914, Apr Average, South Africa, ZAF
24.5, 1914, May Average, South Africa, ZAF
19.3, 1914, Jun Average, South Africa, ZAF
9.5, 1914, Jul Average, South Africa, ZAF
24.6, 1914, Aug Average, South Africa, ZAF
10.0, 1914, Sep Average, South Africa, ZAF
37.7, 1914, Oct Average, South Africa, ZAF
79.5, 1914, Nov Average, South Africa, ZAF
87.8, 1914, Dec Average, South Africa, ZAF
104.3, 1915, Jan Average, South Africa, ZAF
78.8, 1915, Feb Average, South Africa, ZAF
24.9, 1915, Mar Average, South Africa, ZAF
20.4, 1915, Apr Average, South Africa, ZAF
19.6, 1915, May Average, South Africa, ZAF
15.3, 1915, Jun Average, South Africa, ZAF
23.7, 1915, Jul Average, South Africa, ZAF
6.7, 1915, Aug Average, South Africa, ZAF
17.7, 1915, Sep Average, South Africa, ZAF
51.1, 1915, Oct Average, South Africa, ZAF
53.0, 1915, Nov Average, South Africa, ZAF
52.5, 1915, Dec Average, South Africa, ZAF
51.2, 1916, Jan Average, South Africa, ZAF
28.7, 1916, Feb Average, South Africa, ZAF
69.0, 1916, Mar Average, South Africa, ZAF
29.2, 1916, Apr Average, South Africa, ZAF
24.4, 1916, May Average, South Africa, ZAF
6.8, 1916, Jun Average, South Africa, ZAF
7.9, 1916, Jul Average, South Africa, ZAF
9.4, 1916, Aug Average, South Africa, ZAF
9.1, 1916, Sep Average, South Africa, ZAF
33.4, 1916, Oct Average, South Africa, ZAF
40.8, 1916, Nov Average, South Africa, ZAF
79.1, 1916, Dec Average, South Africa, ZAF
64.4, 1917, Jan Average, South Africa, ZAF
80.8, 1917, Feb Average, South Africa, ZAF
70.4, 1917, Mar Average, South Africa, ZAF
39.5, 1917, Apr Average, South Africa, ZAF
15.5, 1917, May Average, South Africa, ZAF
28.0, 1917, Jun Average, South Africa, ZAF
27.7, 1917, Jul Average, South Africa, ZAF
35.2, 1917, Aug Average, South Africa, ZAF
26.9, 1917, Sep Average, South Africa, ZAF
46.4, 1917, Oct Average, South Africa, ZAF
83.0, 1917, Nov Average, South Africa, ZAF
76.7, 1917, Dec Average, South Africa, ZAF
86.4, 1918, Jan Average, South Africa, ZAF
85.5, 1918, Feb Average, South Africa, ZAF
112.2, 1918, Mar Average, South Africa, ZAF
7.4, 1918, Apr Average, South Africa, ZAF
20.7, 1918, May Average, South Africa, ZAF
11.5, 1918, Jun Average, South Africa, ZAF
21.8, 1918, Jul Average, South Africa, ZAF
27.4, 1918, Aug Average, South Africa, ZAF
36.1, 1918, Sep Average, South Africa, ZAF
41.9, 1918, Oct Average, South Africa, ZAF
40.3, 1918, Nov Average, South Africa, ZAF
63.0, 1918, Dec Average, South Africa, ZAF
53.0, 1919, Jan Average, South Africa, ZAF
45.9, 1919, Feb Average, South Africa, ZAF
57.5, 1919, Mar Average, South Africa, ZAF
34.5, 1919, Apr Average, South Africa, ZAF
8.1, 1919, May Average, South Africa, ZAF
7.5, 1919, Jun Average, South Africa, ZAF
7.4, 1919, Jul Average, South Africa, ZAF
13.0, 1919, Aug Average, South Africa, ZAF
15.2, 1919, Sep Average, South Africa, ZAF
15.5, 1919, Oct Average, South Africa, ZAF
60.6, 1919, Nov Average, South Africa, ZAF
28.2, 1919, Dec Average, South Africa, ZAF
86.3, 1920, Jan Average, South Africa, ZAF
111.9, 1920, Feb Average, South Africa, ZAF
81.7, 1920, Mar Average, South Africa, ZAF
12.9, 1920, Apr Average, South Africa, ZAF
16.8, 1920, May Average, South Africa, ZAF
14.2, 1920, Jun Average, South Africa, ZAF
11.8, 1920, Jul Average, South Africa, ZAF
13.5, 1920, Aug Average, South Africa, ZAF
24.0, 1920, Sep Average, South Africa, ZAF
52.4, 1920, Oct Average, South Africa, ZAF
36.0, 1920, Nov Average, South Africa, ZAF
53.7, 1920, Dec Average, South Africa, ZAF
37.4, 1921, Jan Average, South Africa, ZAF
90.1, 1921, Feb Average, South Africa, ZAF
111.5, 1921, Mar Average, South Africa, ZAF
45.4, 1921, Apr Average, South Africa, ZAF
21.1, 1921, May Average, South Africa, ZAF
20.6, 1921, Jun Average, South Africa, ZAF
9.0, 1921, Jul Average, South Africa, ZAF
7.6, 1921, Aug Average, South Africa, ZAF
20.3, 1921, Sep Average, South Africa, ZAF
35.2, 1921, Oct Average, South Africa, ZAF
86.3, 1921, Nov Average, South Africa, ZAF
82.9, 1921, Dec Average, South Africa, ZAF
54.8, 1922, Jan Average, South Africa, ZAF
33.7, 1922, Feb Average, South Africa, ZAF
39.1, 1922, Mar Average, South Africa, ZAF
12.7, 1922, Apr Average, South Africa, ZAF
23.4, 1922, May Average, South Africa, ZAF
21.6, 1922, Jun Average, South Africa, ZAF
8.3, 1922, Jul Average, South Africa, ZAF
28.6, 1922, Aug Average, South Africa, ZAF
15.2, 1922, Sep Average, South Africa, ZAF
42.3, 1922, Oct Average, South Africa, ZAF
80.6, 1922, Nov Average, South Africa, ZAF
44.6, 1922, Dec Average, South Africa, ZAF
109.2, 1923, Jan Average, South Africa, ZAF
87.8, 1923, Feb Average, South Africa, ZAF
43.1, 1923, Mar Average, South Africa, ZAF
30.2, 1923, Apr Average, South Africa, ZAF
23.1, 1923, May Average, South Africa, ZAF
18.9, 1923, Jun Average, South Africa, ZAF
18.5, 1923, Jul Average, South Africa, ZAF
7.7, 1923, Aug Average, South Africa, ZAF
5.4, 1923, Sep Average, South Africa, ZAF
19.9, 1923, Oct Average, South Africa, ZAF
48.8, 1923, Nov Average, South Africa, ZAF
46.9, 1923, Dec Average, South Africa, ZAF
50.7, 1924, Jan Average, South Africa, ZAF
52.9, 1924, Feb Average, South Africa, ZAF
97.0, 1924, Mar Average, South Africa, ZAF
16.1, 1924, Apr Average, South Africa, ZAF
14.0, 1924, May Average, South Africa, ZAF
7.5, 1924, Jun Average, South Africa, ZAF
5.8, 1924, Jul Average, South Africa, ZAF
15.1, 1924, Aug Average, South Africa, ZAF
33.2, 1924, Sep Average, South Africa, ZAF
31.3, 1924, Oct Average, South Africa, ZAF
68.2, 1924, Nov Average, South Africa, ZAF
97.6, 1924, Dec Average, South Africa, ZAF
60.3, 1925, Jan Average, South Africa, ZAF
65.6, 1925, Feb Average, South Africa, ZAF
142.1, 1925, Mar Average, South Africa, ZAF
62.0, 1925, Apr Average, South Africa, ZAF
32.9, 1925, May Average, South Africa, ZAF
26.0, 1925, Jun Average, South Africa, ZAF
17.2, 1925, Jul Average, South Africa, ZAF
6.7, 1925, Aug Average, South Africa, ZAF
42.2, 1925, Sep Average, South Africa, ZAF
26.3, 1925, Oct Average, South Africa, ZAF
40.5, 1925, Nov Average, South Africa, ZAF
40.0, 1925, Dec Average, South Africa, ZAF
44.9, 1926, Jan Average, South Africa, ZAF
46.2, 1926, Feb Average, South Africa, ZAF
57.9, 1926, Mar Average, South Africa, ZAF
13.7, 1926, Apr Average, South Africa, ZAF
20.6, 1926, May Average, South Africa, ZAF
14.3, 1926, Jun Average, South Africa, ZAF
11.8, 1926, Jul Average, South Africa, ZAF
4.3, 1926, Aug Average, South Africa, ZAF
27.9, 1926, Sep Average, South Africa, ZAF
33.5, 1926, Oct Average, South Africa, ZAF
53.7, 1926, Nov Average, South Africa, ZAF
49.6, 1926, Dec Average, South Africa, ZAF
45.0, 1927, Jan Average, South Africa, ZAF
50.2, 1927, Feb Average, South Africa, ZAF
71.5, 1927, Mar Average, South Africa, ZAF
19.3, 1927, Apr Average, South Africa, ZAF
9.5, 1927, May Average, South Africa, ZAF
3.7, 1927, Jun Average, South Africa, ZAF
17.0, 1927, Jul Average, South Africa, ZAF
14.9, 1927, Aug Average, South Africa, ZAF
7.0, 1927, Sep Average, South Africa, ZAF
53.9, 1927, Oct Average, South Africa, ZAF
29.4, 1927, Nov Average, South Africa, ZAF
60.0, 1927, Dec Average, South Africa, ZAF
86.4, 1928, Jan Average, South Africa, ZAF
46.3, 1928, Feb Average, South Africa, ZAF
80.2, 1928, Mar Average, South Africa, ZAF
24.9, 1928, Apr Average, South Africa, ZAF
5.5, 1928, May Average, South Africa, ZAF
7.9, 1928, Jun Average, South Africa, ZAF
3.9, 1928, Jul Average, South Africa, ZAF
16.4, 1928, Aug Average, South Africa, ZAF
29.9, 1928, Sep Average, South Africa, ZAF
29.3, 1928, Oct Average, South Africa, ZAF
50.1, 1928, Nov Average, South Africa, ZAF
52.7, 1928, Dec Average, South Africa, ZAF
59.8, 1929, Jan Average, South Africa, ZAF
43.2, 1929, Feb Average, South Africa, ZAF
89.8, 1929, Mar Average, South Africa, ZAF
20.1, 1929, Apr Average, South Africa, ZAF
17.8, 1929, May Average, South Africa, ZAF
27.6, 1929, Jun Average, South Africa, ZAF
22.4, 1929, Jul Average, South Africa, ZAF
18.9, 1929, Aug Average, South Africa, ZAF
62.2, 1929, Sep Average, South Africa, ZAF
44.5, 1929, Oct Average, South Africa, ZAF
53.2, 1929, Nov Average, South Africa, ZAF
73.4, 1929, Dec Average, South Africa, ZAF
73.3, 1930, Jan Average, South Africa, ZAF
54.5, 1930, Feb Average, South Africa, ZAF
60.0, 1930, Mar Average, South Africa, ZAF
27.4, 1930, Apr Average, South Africa, ZAF
11.0, 1930, May Average, South Africa, ZAF
10.1, 1930, Jun Average, South Africa, ZAF
7.9, 1930, Jul Average, South Africa, ZAF
26.0, 1930, Aug Average, South Africa, ZAF
18.1, 1930, Sep Average, South Africa, ZAF
25.9, 1930, Oct Average, South Africa, ZAF
34.9, 1930, Nov Average, South Africa, ZAF
57.4, 1930, Dec Average, South Africa, ZAF
80.0, 1931, Jan Average, South Africa, ZAF
45.8, 1931, Feb Average, South Africa, ZAF
57.3, 1931, Mar Average, South Africa, ZAF
47.5, 1931, Apr Average, South Africa, ZAF
4.0, 1931, May Average, South Africa, ZAF
4.6, 1931, Jun Average, South Africa, ZAF
32.2, 1931, Jul Average, South Africa, ZAF
9.3, 1931, Aug Average, South Africa, ZAF
8.4, 1931, Sep Average, South Africa, ZAF
40.2, 1931, Oct Average, South Africa, ZAF
59.5, 1931, Nov Average, South Africa, ZAF
55.0, 1931, Dec Average, South Africa, ZAF
42.3, 1932, Jan Average, South Africa, ZAF
80.4, 1932, Feb Average, South Africa, ZAF
57.7, 1932, Mar Average, South Africa, ZAF
17.7, 1932, Apr Average, South Africa, ZAF
25.3, 1932, May Average, South Africa, ZAF
12.2, 1932, Jun Average, South Africa, ZAF
9.4, 1932, Jul Average, South Africa, ZAF
4.1, 1932, Aug Average, South Africa, ZAF
37.2, 1932, Sep Average, South Africa, ZAF
27.3, 1932, Oct Average, South Africa, ZAF
44.5, 1932, Nov Average, South Africa, ZAF
56.8, 1932, Dec Average, South Africa, ZAF
43.5, 1933, Jan Average, South Africa, ZAF
32.7, 1933, Feb Average, South Africa, ZAF
43.8, 1933, Mar Average, South Africa, ZAF
24.0, 1933, Apr Average, South Africa, ZAF
6.9, 1933, May Average, South Africa, ZAF
12.9, 1933, Jun Average, South Africa, ZAF
12.2, 1933, Jul Average, South Africa, ZAF
16.4, 1933, Aug Average, South Africa, ZAF
8.5, 1933, Sep Average, South Africa, ZAF
12.6, 1933, Oct Average, South Africa, ZAF
93.5, 1933, Nov Average, South Africa, ZAF
88.6, 1933, Dec Average, South Africa, ZAF
108.4, 1934, Jan Average, South Africa, ZAF
66.4, 1934, Feb Average, South Africa, ZAF
70.3, 1934, Mar Average, South Africa, ZAF
32.6, 1934, Apr Average, South Africa, ZAF
25.0, 1934, May Average, South Africa, ZAF
7.9, 1934, Jun Average, South Africa, ZAF
21.1, 1934, Jul Average, South Africa, ZAF
14.3, 1934, Aug Average, South Africa, ZAF
11.6, 1934, Sep Average, South Africa, ZAF
47.6, 1934, Oct Average, South Africa, ZAF
87.2, 1934, Nov Average, South Africa, ZAF
70.8, 1934, Dec Average, South Africa, ZAF
36.9, 1935, Jan Average, South Africa, ZAF
52.5, 1935, Feb Average, South Africa, ZAF
59.9, 1935, Mar Average, South Africa, ZAF
37.7, 1935, Apr Average, South Africa, ZAF
41.0, 1935, May Average, South Africa, ZAF
17.1, 1935, Jun Average, South Africa, ZAF
8.1, 1935, Jul Average, South Africa, ZAF
15.1, 1935, Aug Average, South Africa, ZAF
17.4, 1935, Sep Average, South Africa, ZAF
18.4, 1935, Oct Average, South Africa, ZAF
31.9, 1935, Nov Average, South Africa, ZAF
45.6, 1935, Dec Average, South Africa, ZAF
62.2, 1936, Jan Average, South Africa, ZAF
64.5, 1936, Feb Average, South Africa, ZAF
87.1, 1936, Mar Average, South Africa, ZAF
16.3, 1936, Apr Average, South Africa, ZAF
39.1, 1936, May Average, South Africa, ZAF
4.4, 1936, Jun Average, South Africa, ZAF
13.0, 1936, Jul Average, South Africa, ZAF
5.6, 1936, Aug Average, South Africa, ZAF
24.2, 1936, Sep Average, South Africa, ZAF
41.2, 1936, Oct Average, South Africa, ZAF
100.2, 1936, Nov Average, South Africa, ZAF
43.4, 1936, Dec Average, South Africa, ZAF
90.0, 1937, Jan Average, South Africa, ZAF
92.9, 1937, Feb Average, South Africa, ZAF
45.8, 1937, Mar Average, South Africa, ZAF
18.0, 1937, Apr Average, South Africa, ZAF
8.7, 1937, May Average, South Africa, ZAF
9.7, 1937, Jun Average, South Africa, ZAF
13.4, 1937, Jul Average, South Africa, ZAF
4.0, 1937, Aug Average, South Africa, ZAF
14.7, 1937, Sep Average, South Africa, ZAF
25.8, 1937, Oct Average, South Africa, ZAF
30.0, 1937, Nov Average, South Africa, ZAF
89.3, 1937, Dec Average, South Africa, ZAF
69.4, 1938, Jan Average, South Africa, ZAF
61.4, 1938, Feb Average, South Africa, ZAF
28.7, 1938, Mar Average, South Africa, ZAF
54.5, 1938, Apr Average, South Africa, ZAF
11.6, 1938, May Average, South Africa, ZAF
21.0, 1938, Jun Average, South Africa, ZAF
13.8, 1938, Jul Average, South Africa, ZAF
12.3, 1938, Aug Average, South Africa, ZAF
17.8, 1938, Sep Average, South Africa, ZAF
50.7, 1938, Oct Average, South Africa, ZAF
45.0, 1938, Nov Average, South Africa, ZAF
81.7, 1938, Dec Average, South Africa, ZAF
75.8, 1939, Jan Average, South Africa, ZAF
126.4, 1939, Feb Average, South Africa, ZAF
53.1, 1939, Mar Average, South Africa, ZAF
16.4, 1939, Apr Average, South Africa, ZAF
24.3, 1939, May Average, South Africa, ZAF
6.9, 1939, Jun Average, South Africa, ZAF
26.4, 1939, Jul Average, South Africa, ZAF
36.5, 1939, Aug Average, South Africa, ZAF
27.2, 1939, Sep Average, South Africa, ZAF
48.7, 1939, Oct Average, South Africa, ZAF
74.2, 1939, Nov Average, South Africa, ZAF
47.5, 1939, Dec Average, South Africa, ZAF
50.4, 1940, Jan Average, South Africa, ZAF
62.7, 1940, Feb Average, South Africa, ZAF
85.3, 1940, Mar Average, South Africa, ZAF
32.0, 1940, Apr Average, South Africa, ZAF
24.9, 1940, May Average, South Africa, ZAF
22.4, 1940, Jun Average, South Africa, ZAF
9.0, 1940, Jul Average, South Africa, ZAF
5.2, 1940, Aug Average, South Africa, ZAF
47.1, 1940, Sep Average, South Africa, ZAF
18.9, 1940, Oct Average, South Africa, ZAF
65.0, 1940, Nov Average, South Africa, ZAF
69.1, 1940, Dec Average, South Africa, ZAF
79.5, 1941, Jan Average, South Africa, ZAF
72.2, 1941, Feb Average, South Africa, ZAF
34.0, 1941, Mar Average, South Africa, ZAF
55.6, 1941, Apr Average, South Africa, ZAF
12.6, 1941, May Average, South Africa, ZAF
14.2, 1941, Jun Average, South Africa, ZAF
10.6, 1941, Jul Average, South Africa, ZAF
13.6, 1941, Aug Average, South Africa, ZAF
18.8, 1941, Sep Average, South Africa, ZAF
42.5, 1941, Oct Average, South Africa, ZAF
20.4, 1941, Nov Average, South Africa, ZAF
47.5, 1941, Dec Average, South Africa, ZAF
73.6, 1942, Jan Average, South Africa, ZAF
54.0, 1942, Feb Average, South Africa, ZAF
83.0, 1942, Mar Average, South Africa, ZAF
30.3, 1942, Apr Average, South Africa, ZAF
27.3, 1942, May Average, South Africa, ZAF
19.2, 1942, Jun Average, South Africa, ZAF
4.3, 1942, Jul Average, South Africa, ZAF
21.8, 1942, Aug Average, South Africa, ZAF
22.4, 1942, Sep Average, South Africa, ZAF
63.4, 1942, Oct Average, South Africa, ZAF
59.9, 1942, Nov Average, South Africa, ZAF
88.6, 1942, Dec Average, South Africa, ZAF
55.9, 1943, Jan Average, South Africa, ZAF
43.2, 1943, Feb Average, South Africa, ZAF
63.9, 1943, Mar Average, South Africa, ZAF
79.7, 1943, Apr Average, South Africa, ZAF
29.1, 1943, May Average, South Africa, ZAF
10.2, 1943, Jun Average, South Africa, ZAF
18.5, 1943, Jul Average, South Africa, ZAF
40.0, 1943, Aug Average, South Africa, ZAF
22.5, 1943, Sep Average, South Africa, ZAF
48.8, 1943, Oct Average, South Africa, ZAF
101.3, 1943, Nov Average, South Africa, ZAF
73.6, 1943, Dec Average, South Africa, ZAF
62.2, 1944, Jan Average, South Africa, ZAF
92.7, 1944, Feb Average, South Africa, ZAF
54.6, 1944, Mar Average, South Africa, ZAF
11.9, 1944, Apr Average, South Africa, ZAF
23.0, 1944, May Average, South Africa, ZAF
29.5, 1944, Jun Average, South Africa, ZAF
7.8, 1944, Jul Average, South Africa, ZAF
10.1, 1944, Aug Average, South Africa, ZAF
42.3, 1944, Sep Average, South Africa, ZAF
47.5, 1944, Oct Average, South Africa, ZAF
36.8, 1944, Nov Average, South Africa, ZAF
20.9, 1944, Dec Average, South Africa, ZAF
55.2, 1945, Jan Average, South Africa, ZAF
49.1, 1945, Feb Average, South Africa, ZAF
90.9, 1945, Mar Average, South Africa, ZAF
19.1, 1945, Apr Average, South Africa, ZAF
21.2, 1945, May Average, South Africa, ZAF
12.3, 1945, Jun Average, South Africa, ZAF
13.5, 1945, Jul Average, South Africa, ZAF
7.6, 1945, Aug Average, South Africa, ZAF
3.7, 1945, Sep Average, South Africa, ZAF
27.5, 1945, Oct Average, South Africa, ZAF
26.7, 1945, Nov Average, South Africa, ZAF
32.7, 1945, Dec Average, South Africa, ZAF
91.8, 1946, Jan Average, South Africa, ZAF
71.3, 1946, Feb Average, South Africa, ZAF
67.9, 1946, Mar Average, South Africa, ZAF
34.0, 1946, Apr Average, South Africa, ZAF
24.3, 1946, May Average, South Africa, ZAF
6.4, 1946, Jun Average, South Africa, ZAF
6.4, 1946, Jul Average, South Africa, ZAF
5.2, 1946, Aug Average, South Africa, ZAF
14.7, 1946, Sep Average, South Africa, ZAF
40.4, 1946, Oct Average, South Africa, ZAF
43.6, 1946, Nov Average, South Africa, ZAF
43.9, 1946, Dec Average, South Africa, ZAF
49.8, 1947, Jan Average, South Africa, ZAF
52.7, 1947, Feb Average, South Africa, ZAF
68.3, 1947, Mar Average, South Africa, ZAF
35.2, 1947, Apr Average, South Africa, ZAF
16.4, 1947, May Average, South Africa, ZAF
13.6, 1947, Jun Average, South Africa, ZAF
16.9, 1947, Jul Average, South Africa, ZAF
5.5, 1947, Aug Average, South Africa, ZAF
28.2, 1947, Sep Average, South Africa, ZAF
33.4, 1947, Oct Average, South Africa, ZAF
56.9, 1947, Nov Average, South Africa, ZAF
84.6, 1947, Dec Average, South Africa, ZAF
64.2, 1948, Jan Average, South Africa, ZAF
63.0, 1948, Feb Average, South Africa, ZAF
108.2, 1948, Mar Average, South Africa, ZAF
53.2, 1948, Apr Average, South Africa, ZAF
11.5, 1948, May Average, South Africa, ZAF
4.2, 1948, Jun Average, South Africa, ZAF
10.5, 1948, Jul Average, South Africa, ZAF
3.7, 1948, Aug Average, South Africa, ZAF
14.7, 1948, Sep Average, South Africa, ZAF
45.0, 1948, Oct Average, South Africa, ZAF
45.6, 1948, Nov Average, South Africa, ZAF
29.5, 1948, Dec Average, South Africa, ZAF
67.1, 1949, Jan Average, South Africa, ZAF
45.4, 1949, Feb Average, South Africa, ZAF
47.2, 1949, Mar Average, South Africa, ZAF
27.1, 1949, Apr Average, South Africa, ZAF
17.2, 1949, May Average, South Africa, ZAF
10.0, 1949, Jun Average, South Africa, ZAF
6.8, 1949, Jul Average, South Africa, ZAF
9.5, 1949, Aug Average, South Africa, ZAF
16.4, 1949, Sep Average, South Africa, ZAF
29.6, 1949, Oct Average, South Africa, ZAF
68.6, 1949, Nov Average, South Africa, ZAF
73.7, 1949, Dec Average, South Africa, ZAF
46.5, 1950, Jan Average, South Africa, ZAF
59.6, 1950, Feb Average, South Africa, ZAF
78.0, 1950, Mar Average, South Africa, ZAF
61.7, 1950, Apr Average, South Africa, ZAF
39.4, 1950, May Average, South Africa, ZAF
6.4, 1950, Jun Average, South Africa, ZAF
17.8, 1950, Jul Average, South Africa, ZAF
23.7, 1950, Aug Average, South Africa, ZAF
23.1, 1950, Sep Average, South Africa, ZAF
30.0, 1950, Oct Average, South Africa, ZAF
43.9, 1950, Nov Average, South Africa, ZAF
95.6, 1950, Dec Average, South Africa, ZAF
56.7, 1951, Jan Average, South Africa, ZAF
40.9, 1951, Feb Average, South Africa, ZAF
50.4, 1951, Mar Average, South Africa, ZAF
36.9, 1951, Apr Average, South Africa, ZAF
22.9, 1951, May Average, South Africa, ZAF
14.9, 1951, Jun Average, South Africa, ZAF
12.7, 1951, Jul Average, South Africa, ZAF
19.0, 1951, Aug Average, South Africa, ZAF
24.8, 1951, Sep Average, South Africa, ZAF
55.1, 1951, Oct Average, South Africa, ZAF
16.2, 1951, Nov Average, South Africa, ZAF
38.4, 1951, Dec Average, South Africa, ZAF
47.4, 1952, Jan Average, South Africa, ZAF
77.6, 1952, Feb Average, South Africa, ZAF
35.9, 1952, Mar Average, South Africa, ZAF
23.4, 1952, Apr Average, South Africa, ZAF
14.9, 1952, May Average, South Africa, ZAF
12.3, 1952, Jun Average, South Africa, ZAF
27.4, 1952, Jul Average, South Africa, ZAF
14.8, 1952, Aug Average, South Africa, ZAF
25.5, 1952, Sep Average, South Africa, ZAF
26.7, 1952, Oct Average, South Africa, ZAF
62.1, 1952, Nov Average, South Africa, ZAF
67.7, 1952, Dec Average, South Africa, ZAF
49.9, 1953, Jan Average, South Africa, ZAF
91.1, 1953, Feb Average, South Africa, ZAF
45.1, 1953, Mar Average, South Africa, ZAF
54.3, 1953, Apr Average, South Africa, ZAF
12.0, 1953, May Average, South Africa, ZAF
8.4, 1953, Jun Average, South Africa, ZAF
12.1, 1953, Jul Average, South Africa, ZAF
17.8, 1953, Aug Average, South Africa, ZAF
19.2, 1953, Sep Average, South Africa, ZAF
45.1, 1953, Oct Average, South Africa, ZAF
76.8, 1953, Nov Average, South Africa, ZAF
68.2, 1953, Dec Average, South Africa, ZAF
56.8, 1954, Jan Average, South Africa, ZAF
57.8, 1954, Feb Average, South Africa, ZAF
86.1, 1954, Mar Average, South Africa, ZAF
35.5, 1954, Apr Average, South Africa, ZAF
36.0, 1954, May Average, South Africa, ZAF
9.5, 1954, Jun Average, South Africa, ZAF
14.1, 1954, Jul Average, South Africa, ZAF
14.5, 1954, Aug Average, South Africa, ZAF
21.5, 1954, Sep Average, South Africa, ZAF
27.0, 1954, Oct Average, South Africa, ZAF
59.2, 1954, Nov Average, South Africa, ZAF
49.3, 1954, Dec Average, South Africa, ZAF
108.0, 1955, Jan Average, South Africa, ZAF
105.4, 1955, Feb Average, South Africa, ZAF
50.5, 1955, Mar Average, South Africa, ZAF
42.2, 1955, Apr Average, South Africa, ZAF
16.5, 1955, May Average, South Africa, ZAF
21.6, 1955, Jun Average, South Africa, ZAF
13.0, 1955, Jul Average, South Africa, ZAF
12.9, 1955, Aug Average, South Africa, ZAF
9.4, 1955, Sep Average, South Africa, ZAF
44.7, 1955, Oct Average, South Africa, ZAF
74.2, 1955, Nov Average, South Africa, ZAF
72.5, 1955, Dec Average, South Africa, ZAF
38.5, 1956, Jan Average, South Africa, ZAF
101.7, 1956, Feb Average, South Africa, ZAF
96.4, 1956, Mar Average, South Africa, ZAF
15.8, 1956, Apr Average, South Africa, ZAF
31.8, 1956, May Average, South Africa, ZAF
10.7, 1956, Jun Average, South Africa, ZAF
9.1, 1956, Jul Average, South Africa, ZAF
8.2, 1956, Aug Average, South Africa, ZAF
27.8, 1956, Sep Average, South Africa, ZAF
48.8, 1956, Oct Average, South Africa, ZAF
55.7, 1956, Nov Average, South Africa, ZAF
85.9, 1956, Dec Average, South Africa, ZAF
57.5, 1957, Jan Average, South Africa, ZAF
67.6, 1957, Feb Average, South Africa, ZAF
65.5, 1957, Mar Average, South Africa, ZAF
28.9, 1957, Apr Average, South Africa, ZAF
19.3, 1957, May Average, South Africa, ZAF
26.4, 1957, Jun Average, South Africa, ZAF
19.1, 1957, Jul Average, South Africa, ZAF
27.7, 1957, Aug Average, South Africa, ZAF
60.1, 1957, Sep Average, South Africa, ZAF
59.2, 1957, Oct Average, South Africa, ZAF
37.1, 1957, Nov Average, South Africa, ZAF
58.9, 1957, Dec Average, South Africa, ZAF
105.9, 1958, Jan Average, South Africa, ZAF
44.2, 1958, Feb Average, South Africa, ZAF
39.3, 1958, Mar Average, South Africa, ZAF
38.0, 1958, Apr Average, South Africa, ZAF
33.0, 1958, May Average, South Africa, ZAF
6.7, 1958, Jun Average, South Africa, ZAF
2.4, 1958, Jul Average, South Africa, ZAF
9.3, 1958, Aug Average, South Africa, ZAF
28.4, 1958, Sep Average, South Africa, ZAF
28.7, 1958, Oct Average, South Africa, ZAF
57.7, 1958, Nov Average, South Africa, ZAF
87.4, 1958, Dec Average, South Africa, ZAF
65.4, 1959, Jan Average, South Africa, ZAF
61.8, 1959, Feb Average, South Africa, ZAF
37.2, 1959, Mar Average, South Africa, ZAF
43.1, 1959, Apr Average, South Africa, ZAF
47.5, 1959, May Average, South Africa, ZAF
3.9, 1959, Jun Average, South Africa, ZAF
21.0, 1959, Jul Average, South Africa, ZAF
13.5, 1959, Aug Average, South Africa, ZAF
11.9, 1959, Sep Average, South Africa, ZAF
38.1, 1959, Oct Average, South Africa, ZAF
47.8, 1959, Nov Average, South Africa, ZAF
72.0, 1959, Dec Average, South Africa, ZAF
44.9, 1960, Jan Average, South Africa, ZAF
56.9, 1960, Feb Average, South Africa, ZAF
58.1, 1960, Mar Average, South Africa, ZAF
43.8, 1960, Apr Average, South Africa, ZAF
17.6, 1960, May Average, South Africa, ZAF
10.3, 1960, Jun Average, South Africa, ZAF
7.7, 1960, Jul Average, South Africa, ZAF
20.5, 1960, Aug Average, South Africa, ZAF
16.4, 1960, Sep Average, South Africa, ZAF
34.5, 1960, Oct Average, South Africa, ZAF
65.4, 1960, Nov Average, South Africa, ZAF
84.1, 1960, Dec Average, South Africa, ZAF
54.5, 1961, Jan Average, South Africa, ZAF
48.6, 1961, Feb Average, South Africa, ZAF
91.2, 1961, Mar Average, South Africa, ZAF
69.4, 1961, Apr Average, South Africa, ZAF
30.7, 1961, May Average, South Africa, ZAF
29.0, 1961, Jun Average, South Africa, ZAF
20.1, 1961, Jul Average, South Africa, ZAF
14.8, 1961, Aug Average, South Africa, ZAF
21.4, 1961, Sep Average, South Africa, ZAF
19.7, 1961, Oct Average, South Africa, ZAF
67.6, 1961, Nov Average, South Africa, ZAF
47.7, 1961, Dec Average, South Africa, ZAF
48.8, 1962, Jan Average, South Africa, ZAF
68.8, 1962, Feb Average, South Africa, ZAF
54.6, 1962, Mar Average, South Africa, ZAF
38.4, 1962, Apr Average, South Africa, ZAF
6.1, 1962, May Average, South Africa, ZAF
16.5, 1962, Jun Average, South Africa, ZAF
5.6, 1962, Jul Average, South Africa, ZAF
25.1, 1962, Aug Average, South Africa, ZAF
8.9, 1962, Sep Average, South Africa, ZAF
31.3, 1962, Oct Average, South Africa, ZAF
84.9, 1962, Nov Average, South Africa, ZAF
45.1, 1962, Dec Average, South Africa, ZAF
106.0, 1963, Jan Average, South Africa, ZAF
33.3, 1963, Feb Average, South Africa, ZAF
77.9, 1963, Mar Average, South Africa, ZAF
53.2, 1963, Apr Average, South Africa, ZAF
16.1, 1963, May Average, South Africa, ZAF
25.5, 1963, Jun Average, South Africa, ZAF
27.0, 1963, Jul Average, South Africa, ZAF
12.8, 1963, Aug Average, South Africa, ZAF
5.4, 1963, Sep Average, South Africa, ZAF
46.7, 1963, Oct Average, South Africa, ZAF
71.8, 1963, Nov Average, South Africa, ZAF
48.9, 1963, Dec Average, South Africa, ZAF
61.5, 1964, Jan Average, South Africa, ZAF
41.4, 1964, Feb Average, South Africa, ZAF
45.6, 1964, Mar Average, South Africa, ZAF
25.8, 1964, Apr Average, South Africa, ZAF
5.9, 1964, May Average, South Africa, ZAF
30.9, 1964, Jun Average, South Africa, ZAF
4.3, 1964, Jul Average, South Africa, ZAF
13.3, 1964, Aug Average, South Africa, ZAF
23.1, 1964, Sep Average, South Africa, ZAF
70.9, 1964, Oct Average, South Africa, ZAF
39.0, 1964, Nov Average, South Africa, ZAF
63.8, 1964, Dec Average, South Africa, ZAF
51.5, 1965, Jan Average, South Africa, ZAF
28.3, 1965, Feb Average, South Africa, ZAF
33.6, 1965, Mar Average, South Africa, ZAF
46.6, 1965, Apr Average, South Africa, ZAF
12.6, 1965, May Average, South Africa, ZAF
16.1, 1965, Jun Average, South Africa, ZAF
17.5, 1965, Jul Average, South Africa, ZAF
12.8, 1965, Aug Average, South Africa, ZAF
15.4, 1965, Sep Average, South Africa, ZAF
34.3, 1965, Oct Average, South Africa, ZAF
56.2, 1965, Nov Average, South Africa, ZAF
30.6, 1965, Dec Average, South Africa, ZAF
85.7, 1966, Jan Average, South Africa, ZAF
66.0, 1966, Feb Average, South Africa, ZAF
16.6, 1966, Mar Average, South Africa, ZAF
17.6, 1966, Apr Average, South Africa, ZAF
13.5, 1966, May Average, South Africa, ZAF
12.6, 1966, Jun Average, South Africa, ZAF
5.8, 1966, Jul Average, South Africa, ZAF
12.8, 1966, Aug Average, South Africa, ZAF
20.4, 1966, Sep Average, South Africa, ZAF
31.5, 1966, Oct Average, South Africa, ZAF
38.1, 1966, Nov Average, South Africa, ZAF
63.2, 1966, Dec Average, South Africa, ZAF
97.1, 1967, Jan Average, South Africa, ZAF
84.8, 1967, Feb Average, South Africa, ZAF
70.6, 1967, Mar Average, South Africa, ZAF
90.0, 1967, Apr Average, South Africa, ZAF
37.7, 1967, May Average, South Africa, ZAF
17.4, 1967, Jun Average, South Africa, ZAF
11.2, 1967, Jul Average, South Africa, ZAF
11.1, 1967, Aug Average, South Africa, ZAF
8.2, 1967, Sep Average, South Africa, ZAF
34.5, 1967, Oct Average, South Africa, ZAF
51.9, 1967, Nov Average, South Africa, ZAF
33.9, 1967, Dec Average, South Africa, ZAF
30.8, 1968, Jan Average, South Africa, ZAF
26.5, 1968, Feb Average, South Africa, ZAF
80.2, 1968, Mar Average, South Africa, ZAF
42.0, 1968, Apr Average, South Africa, ZAF
30.1, 1968, May Average, South Africa, ZAF
13.9, 1968, Jun Average, South Africa, ZAF
7.5, 1968, Jul Average, South Africa, ZAF
15.5, 1968, Aug Average, South Africa, ZAF
16.9, 1968, Sep Average, South Africa, ZAF
29.6, 1968, Oct Average, South Africa, ZAF
43.4, 1968, Nov Average, South Africa, ZAF
51.1, 1968, Dec Average, South Africa, ZAF
33.2, 1969, Jan Average, South Africa, ZAF
63.7, 1969, Feb Average, South Africa, ZAF
84.3, 1969, Mar Average, South Africa, ZAF
46.7, 1969, Apr Average, South Africa, ZAF
26.9, 1969, May Average, South Africa, ZAF
7.2, 1969, Jun Average, South Africa, ZAF
6.2, 1969, Jul Average, South Africa, ZAF
7.4, 1969, Aug Average, South Africa, ZAF
18.6, 1969, Sep Average, South Africa, ZAF
65.0, 1969, Oct Average, South Africa, ZAF
35.8, 1969, Nov Average, South Africa, ZAF
51.7, 1969, Dec Average, South Africa, ZAF
36.8, 1970, Jan Average, South Africa, ZAF
49.0, 1970, Feb Average, South Africa, ZAF
18.5, 1970, Mar Average, South Africa, ZAF
16.7, 1970, Apr Average, South Africa, ZAF
19.8, 1970, May Average, South Africa, ZAF
22.4, 1970, Jun Average, South Africa, ZAF
13.2, 1970, Jul Average, South Africa, ZAF
35.6, 1970, Aug Average, South Africa, ZAF
21.3, 1970, Sep Average, South Africa, ZAF
43.2, 1970, Oct Average, South Africa, ZAF
39.2, 1970, Nov Average, South Africa, ZAF
76.4, 1970, Dec Average, South Africa, ZAF
80.8, 1971, Jan Average, South Africa, ZAF
56.6, 1971, Feb Average, South Africa, ZAF
51.2, 1971, Mar Average, South Africa, ZAF
50.9, 1971, Apr Average, South Africa, ZAF
31.3, 1971, May Average, South Africa, ZAF
8.7, 1971, Jun Average, South Africa, ZAF
27.6, 1971, Jul Average, South Africa, ZAF
25.4, 1971, Aug Average, South Africa, ZAF
11.7, 1971, Sep Average, South Africa, ZAF
48.2, 1971, Oct Average, South Africa, ZAF
51.5, 1971, Nov Average, South Africa, ZAF
55.7, 1971, Dec Average, South Africa, ZAF
113.5, 1972, Jan Average, South Africa, ZAF
75.0, 1972, Feb Average, South Africa, ZAF
87.8, 1972, Mar Average, South Africa, ZAF
26.8, 1972, Apr Average, South Africa, ZAF
18.3, 1972, May Average, South Africa, ZAF
10.6, 1972, Jun Average, South Africa, ZAF
5.3, 1972, Jul Average, South Africa, ZAF
7.8, 1972, Aug Average, South Africa, ZAF
10.2, 1972, Sep Average, South Africa, ZAF
29.0, 1972, Oct Average, South Africa, ZAF
45.1, 1972, Nov Average, South Africa, ZAF
27.1, 1972, Dec Average, South Africa, ZAF
37.3, 1973, Jan Average, South Africa, ZAF
75.8, 1973, Feb Average, South Africa, ZAF
57.7, 1973, Mar Average, South Africa, ZAF
49.3, 1973, Apr Average, South Africa, ZAF
8.7, 1973, May Average, South Africa, ZAF
3.1, 1973, Jun Average, South Africa, ZAF
15.4, 1973, Jul Average, South Africa, ZAF
23.1, 1973, Aug Average, South Africa, ZAF
41.3, 1973, Sep Average, South Africa, ZAF
34.8, 1973, Oct Average, South Africa, ZAF
53.8, 1973, Nov Average, South Africa, ZAF
86.1, 1973, Dec Average, South Africa, ZAF
136.8, 1974, Jan Average, South Africa, ZAF
107.8, 1974, Feb Average, South Africa, ZAF
93.3, 1974, Mar Average, South Africa, ZAF
45.6, 1974, Apr Average, South Africa, ZAF
29.6, 1974, May Average, South Africa, ZAF
16.1, 1974, Jun Average, South Africa, ZAF
8.8, 1974, Jul Average, South Africa, ZAF
40.6, 1974, Aug Average, South Africa, ZAF
13.3, 1974, Sep Average, South Africa, ZAF
22.4, 1974, Oct Average, South Africa, ZAF
80.1, 1974, Nov Average, South Africa, ZAF
57.6, 1974, Dec Average, South Africa, ZAF
85.8, 1975, Jan Average, South Africa, ZAF
85.3, 1975, Feb Average, South Africa, ZAF
72.5, 1975, Mar Average, South Africa, ZAF
40.1, 1975, Apr Average, South Africa, ZAF
21.4, 1975, May Average, South Africa, ZAF
15.4, 1975, Jun Average, South Africa, ZAF
12.9, 1975, Jul Average, South Africa, ZAF
10.9, 1975, Aug Average, South Africa, ZAF
33.1, 1975, Sep Average, South Africa, ZAF
19.0, 1975, Oct Average, South Africa, ZAF
61.4, 1975, Nov Average, South Africa, ZAF
116.9, 1975, Dec Average, South Africa, ZAF
123.6, 1976, Jan Average, South Africa, ZAF
113.7, 1976, Feb Average, South Africa, ZAF
121.2, 1976, Mar Average, South Africa, ZAF
45.5, 1976, Apr Average, South Africa, ZAF
31.9, 1976, May Average, South Africa, ZAF
16.5, 1976, Jun Average, South Africa, ZAF
13.0, 1976, Jul Average, South Africa, ZAF
5.8, 1976, Aug Average, South Africa, ZAF
24.8, 1976, Sep Average, South Africa, ZAF
72.2, 1976, Oct Average, South Africa, ZAF
52.4, 1976, Nov Average, South Africa, ZAF
53.3, 1976, Dec Average, South Africa, ZAF
72.0, 1977, Jan Average, South Africa, ZAF
92.4, 1977, Feb Average, South Africa, ZAF
77.2, 1977, Mar Average, South Africa, ZAF
40.2, 1977, Apr Average, South Africa, ZAF
31.1, 1977, May Average, South Africa, ZAF
11.3, 1977, Jun Average, South Africa, ZAF
8.2, 1977, Jul Average, South Africa, ZAF
15.2, 1977, Aug Average, South Africa, ZAF
46.7, 1977, Sep Average, South Africa, ZAF
35.7, 1977, Oct Average, South Africa, ZAF
53.1, 1977, Nov Average, South Africa, ZAF
72.2, 1977, Dec Average, South Africa, ZAF
98.4, 1978, Jan Average, South Africa, ZAF
63.8, 1978, Feb Average, South Africa, ZAF
72.5, 1978, Mar Average, South Africa, ZAF
51.0, 1978, Apr Average, South Africa, ZAF
6.4, 1978, May Average, South Africa, ZAF
6.5, 1978, Jun Average, South Africa, ZAF
5.0, 1978, Jul Average, South Africa, ZAF
17.7, 1978, Aug Average, South Africa, ZAF
26.4, 1978, Sep Average, South Africa, ZAF
44.4, 1978, Oct Average, South Africa, ZAF
40.6, 1978, Nov Average, South Africa, ZAF
60.2, 1978, Dec Average, South Africa, ZAF
52.7, 1979, Jan Average, South Africa, ZAF
54.6, 1979, Feb Average, South Africa, ZAF
32.2, 1979, Mar Average, South Africa, ZAF
23.2, 1979, Apr Average, South Africa, ZAF
24.5, 1979, May Average, South Africa, ZAF
9.7, 1979, Jun Average, South Africa, ZAF
28.2, 1979, Jul Average, South Africa, ZAF
38.4, 1979, Aug Average, South Africa, ZAF
17.5, 1979, Sep Average, South Africa, ZAF
46.0, 1979, Oct Average, South Africa, ZAF
49.9, 1979, Nov Average, South Africa, ZAF
40.9, 1979, Dec Average, South Africa, ZAF
61.3, 1980, Jan Average, South Africa, ZAF
76.6, 1980, Feb Average, South Africa, ZAF
43.8, 1980, Mar Average, South Africa, ZAF
16.0, 1980, Apr Average, South Africa, ZAF
8.4, 1980, May Average, South Africa, ZAF
9.1, 1980, Jun Average, South Africa, ZAF
3.7, 1980, Jul Average, South Africa, ZAF
18.8, 1980, Aug Average, South Africa, ZAF
45.6, 1980, Sep Average, South Africa, ZAF
17.6, 1980, Oct Average, South Africa, ZAF
87.4, 1980, Nov Average, South Africa, ZAF
52.4, 1980, Dec Average, South Africa, ZAF
102.4, 1981, Jan Average, South Africa, ZAF
83.2, 1981, Feb Average, South Africa, ZAF
65.6, 1981, Mar Average, South Africa, ZAF
20.6, 1981, Apr Average, South Africa, ZAF
26.8, 1981, May Average, South Africa, ZAF
12.9, 1981, Jun Average, South Africa, ZAF
9.4, 1981, Jul Average, South Africa, ZAF
49.3, 1981, Aug Average, South Africa, ZAF
20.2, 1981, Sep Average, South Africa, ZAF
39.1, 1981, Oct Average, South Africa, ZAF
50.8, 1981, Nov Average, South Africa, ZAF
57.6, 1981, Dec Average, South Africa, ZAF
50.5, 1982, Jan Average, South Africa, ZAF
35.2, 1982, Feb Average, South Africa, ZAF
46.6, 1982, Mar Average, South Africa, ZAF
61.2, 1982, Apr Average, South Africa, ZAF
5.9, 1982, May Average, South Africa, ZAF
16.4, 1982, Jun Average, South Africa, ZAF
21.0, 1982, Jul Average, South Africa, ZAF
5.8, 1982, Aug Average, South Africa, ZAF
15.8, 1982, Sep Average, South Africa, ZAF
60.2, 1982, Oct Average, South Africa, ZAF
35.6, 1982, Nov Average, South Africa, ZAF
36.9, 1982, Dec Average, South Africa, ZAF
39.3, 1983, Jan Average, South Africa, ZAF
25.3, 1983, Feb Average, South Africa, ZAF
38.6, 1983, Mar Average, South Africa, ZAF
21.1, 1983, Apr Average, South Africa, ZAF
27.1, 1983, May Average, South Africa, ZAF
21.8, 1983, Jun Average, South Africa, ZAF
30.0, 1983, Jul Average, South Africa, ZAF
10.0, 1983, Aug Average, South Africa, ZAF
19.4, 1983, Sep Average, South Africa, ZAF
40.7, 1983, Oct Average, South Africa, ZAF
81.4, 1983, Nov Average, South Africa, ZAF
67.6, 1983, Dec Average, South Africa, ZAF
60.9, 1984, Jan Average, South Africa, ZAF
27.3, 1984, Feb Average, South Africa, ZAF
64.8, 1984, Mar Average, South Africa, ZAF
26.4, 1984, Apr Average, South Africa, ZAF
21.3, 1984, May Average, South Africa, ZAF
13.7, 1984, Jun Average, South Africa, ZAF
16.7, 1984, Jul Average, South Africa, ZAF
17.5, 1984, Aug Average, South Africa, ZAF
15.3, 1984, Sep Average, South Africa, ZAF
57.9, 1984, Oct Average, South Africa, ZAF
46.9, 1984, Nov Average, South Africa, ZAF
32.2, 1984, Dec Average, South Africa, ZAF
71.3, 1985, Jan Average, South Africa, ZAF
96.0, 1985, Feb Average, South Africa, ZAF
42.4, 1985, Mar Average, South Africa, ZAF
14.6, 1985, Apr Average, South Africa, ZAF
12.0, 1985, May Average, South Africa, ZAF
12.4, 1985, Jun Average, South Africa, ZAF
9.6, 1985, Jul Average, South Africa, ZAF
5.4, 1985, Aug Average, South Africa, ZAF
18.0, 1985, Sep Average, South Africa, ZAF
75.0, 1985, Oct Average, South Africa, ZAF
55.1, 1985, Nov Average, South Africa, ZAF
92.7, 1985, Dec Average, South Africa, ZAF
62.5, 1986, Jan Average, South Africa, ZAF
40.8, 1986, Feb Average, South Africa, ZAF
45.0, 1986, Mar Average, South Africa, ZAF
35.4, 1986, Apr Average, South Africa, ZAF
2.9, 1986, May Average, South Africa, ZAF
22.9, 1986, Jun Average, South Africa, ZAF
7.2, 1986, Jul Average, South Africa, ZAF
25.3, 1986, Aug Average, South Africa, ZAF
17.9, 1986, Sep Average, South Africa, ZAF
63.0, 1986, Oct Average, South Africa, ZAF
57.6, 1986, Nov Average, South Africa, ZAF
48.3, 1986, Dec Average, South Africa, ZAF
39.9, 1987, Jan Average, South Africa, ZAF
53.6, 1987, Feb Average, South Africa, ZAF
52.0, 1987, Mar Average, South Africa, ZAF
28.7, 1987, Apr Average, South Africa, ZAF
9.7, 1987, May Average, South Africa, ZAF
13.4, 1987, Jun Average, South Africa, ZAF
12.4, 1987, Jul Average, South Africa, ZAF
24.6, 1987, Aug Average, South Africa, ZAF
85.5, 1987, Sep Average, South Africa, ZAF
29.7, 1987, Oct Average, South Africa, ZAF
61.8, 1987, Nov Average, South Africa, ZAF
60.6, 1987, Dec Average, South Africa, ZAF
39.9, 1988, Jan Average, South Africa, ZAF
125.3, 1988, Feb Average, South Africa, ZAF
87.5, 1988, Mar Average, South Africa, ZAF
54.9, 1988, Apr Average, South Africa, ZAF
14.2, 1988, May Average, South Africa, ZAF
17.8, 1988, Jun Average, South Africa, ZAF
9.8, 1988, Jul Average, South Africa, ZAF
12.7, 1988, Aug Average, South Africa, ZAF
38.9, 1988, Sep Average, South Africa, ZAF
58.4, 1988, Oct Average, South Africa, ZAF
42.7, 1988, Nov Average, South Africa, ZAF
90.3, 1988, Dec Average, South Africa, ZAF
61.3, 1989, Jan Average, South Africa, ZAF
110.8, 1989, Feb Average, South Africa, ZAF
40.6, 1989, Mar Average, South Africa, ZAF
55.7, 1989, Apr Average, South Africa, ZAF
14.5, 1989, May Average, South Africa, ZAF
19.2, 1989, Jun Average, South Africa, ZAF
10.7, 1989, Jul Average, South Africa, ZAF
9.2, 1989, Aug Average, South Africa, ZAF
12.6, 1989, Sep Average, South Africa, ZAF
39.5, 1989, Oct Average, South Africa, ZAF
89.4, 1989, Nov Average, South Africa, ZAF
49.9, 1989, Dec Average, South Africa, ZAF
48.9, 1990, Jan Average, South Africa, ZAF
58.7, 1990, Feb Average, South Africa, ZAF
63.5, 1990, Mar Average, South Africa, ZAF
57.9, 1990, Apr Average, South Africa, ZAF
10.2, 1990, May Average, South Africa, ZAF
17.7, 1990, Jun Average, South Africa, ZAF
8.5, 1990, Jul Average, South Africa, ZAF
11.8, 1990, Aug Average, South Africa, ZAF
7.0, 1990, Sep Average, South Africa, ZAF
25.1, 1990, Oct Average, South Africa, ZAF
22.1, 1990, Nov Average, South Africa, ZAF
57.4, 1990, Dec Average, South Africa, ZAF
116.1, 1991, Jan Average, South Africa, ZAF
62.7, 1991, Feb Average, South Africa, ZAF
80.1, 1991, Mar Average, South Africa, ZAF
5.6, 1991, Apr Average, South Africa, ZAF
9.5, 1991, May Average, South Africa, ZAF
23.2, 1991, Jun Average, South Africa, ZAF
11.7, 1991, Jul Average, South Africa, ZAF
4.9, 1991, Aug Average, South Africa, ZAF
27.7, 1991, Sep Average, South Africa, ZAF
71.7, 1991, Oct Average, South Africa, ZAF
36.9, 1991, Nov Average, South Africa, ZAF
56.6, 1991, Dec Average, South Africa, ZAF
29.0, 1992, Jan Average, South Africa, ZAF
38.1, 1992, Feb Average, South Africa, ZAF
37.3, 1992, Mar Average, South Africa, ZAF
15.3, 1992, Apr Average, South Africa, ZAF
4.9, 1992, May Average, South Africa, ZAF
12.6, 1992, Jun Average, South Africa, ZAF
9.9, 1992, Jul Average, South Africa, ZAF
22.2, 1992, Aug Average, South Africa, ZAF
7.7, 1992, Sep Average, South Africa, ZAF
37.2, 1992, Oct Average, South Africa, ZAF
53.0, 1992, Nov Average, South Africa, ZAF
47.0, 1992, Dec Average, South Africa, ZAF
42.9, 1993, Jan Average, South Africa, ZAF
62.7, 1993, Feb Average, South Africa, ZAF
42.6, 1993, Mar Average, South Africa, ZAF
37.5, 1993, Apr Average, South Africa, ZAF
14.2, 1993, May Average, South Africa, ZAF
12.0, 1993, Jun Average, South Africa, ZAF
10.9, 1993, Jul Average, South Africa, ZAF
12.9, 1993, Aug Average, South Africa, ZAF
20.5, 1993, Sep Average, South Africa, ZAF
63.8, 1993, Oct Average, South Africa, ZAF
53.2, 1993, Nov Average, South Africa, ZAF
76.8, 1993, Dec Average, South Africa, ZAF
77.8, 1994, Jan Average, South Africa, ZAF
74.1, 1994, Feb Average, South Africa, ZAF
58.3, 1994, Mar Average, South Africa, ZAF
19.0, 1994, Apr Average, South Africa, ZAF
4.3, 1994, May Average, South Africa, ZAF
15.2, 1994, Jun Average, South Africa, ZAF
13.7, 1994, Jul Average, South Africa, ZAF
10.2, 1994, Aug Average, South Africa, ZAF
7.2, 1994, Sep Average, South Africa, ZAF
29.4, 1994, Oct Average, South Africa, ZAF
28.2, 1994, Nov Average, South Africa, ZAF
52.3, 1994, Dec Average, South Africa, ZAF
64.3, 1995, Jan Average, South Africa, ZAF
35.5, 1995, Feb Average, South Africa, ZAF
80.1, 1995, Mar Average, South Africa, ZAF
28.2, 1995, Apr Average, South Africa, ZAF
25.4, 1995, May Average, South Africa, ZAF
9.6, 1995, Jun Average, South Africa, ZAF
7.3, 1995, Jul Average, South Africa, ZAF
13.4, 1995, Aug Average, South Africa, ZAF
14.3, 1995, Sep Average, South Africa, ZAF
44.1, 1995, Oct Average, South Africa, ZAF
73.1, 1995, Nov Average, South Africa, ZAF
106.1, 1995, Dec Average, South Africa, ZAF
93.3, 1996, Jan Average, South Africa, ZAF
100.9, 1996, Feb Average, South Africa, ZAF
42.0, 1996, Mar Average, South Africa, ZAF
32.3, 1996, Apr Average, South Africa, ZAF
19.2, 1996, May Average, South Africa, ZAF
6.4, 1996, Jun Average, South Africa, ZAF
26.5, 1996, Jul Average, South Africa, ZAF
17.2, 1996, Aug Average, South Africa, ZAF
15.1, 1996, Sep Average, South Africa, ZAF
50.3, 1996, Oct Average, South Africa, ZAF
93.3, 1996, Nov Average, South Africa, ZAF
70.9, 1996, Dec Average, South Africa, ZAF
71.9, 1997, Jan Average, South Africa, ZAF
39.8, 1997, Feb Average, South Africa, ZAF
102.9, 1997, Mar Average, South Africa, ZAF
38.4, 1997, Apr Average, South Africa, ZAF
35.9, 1997, May Average, South Africa, ZAF
26.6, 1997, Jun Average, South Africa, ZAF
12.4, 1997, Jul Average, South Africa, ZAF
12.3, 1997, Aug Average, South Africa, ZAF
19.4, 1997, Sep Average, South Africa, ZAF
34.2, 1997, Oct Average, South Africa, ZAF
55.1, 1997, Nov Average, South Africa, ZAF
37.3, 1997, Dec Average, South Africa, ZAF
81.5, 1998, Jan Average, South Africa, ZAF
69.1, 1998, Feb Average, South Africa, ZAF
64.2, 1998, Mar Average, South Africa, ZAF
17.0, 1998, Apr Average, South Africa, ZAF
16.0, 1998, May Average, South Africa, ZAF
3.2, 1998, Jun Average, South Africa, ZAF
8.6, 1998, Jul Average, South Africa, ZAF
12.8, 1998, Aug Average, South Africa, ZAF
22.1, 1998, Sep Average, South Africa, ZAF
41.0, 1998, Oct Average, South Africa, ZAF
81.3, 1998, Nov Average, South Africa, ZAF
78.8, 1998, Dec Average, South Africa, ZAF
58.4, 1999, Jan Average, South Africa, ZAF
44.4, 1999, Feb Average, South Africa, ZAF
38.3, 1999, Mar Average, South Africa, ZAF
26.1, 1999, Apr Average, South Africa, ZAF
26.7, 1999, May Average, South Africa, ZAF
6.3, 1999, Jun Average, South Africa, ZAF
11.4, 1999, Jul Average, South Africa, ZAF
11.9, 1999, Aug Average, South Africa, ZAF
17.8, 1999, Sep Average, South Africa, ZAF
43.9, 1999, Oct Average, South Africa, ZAF
40.9, 1999, Nov Average, South Africa, ZAF
109.6, 1999, Dec Average, South Africa, ZAF
104.3, 2000, Jan Average, South Africa, ZAF
114.0, 2000, Feb Average, South Africa, ZAF
108.0, 2000, Mar Average, South Africa, ZAF
40.8, 2000, Apr Average, South Africa, ZAF
18.0, 2000, May Average, South Africa, ZAF
9.4, 2000, Jun Average, South Africa, ZAF
10.0, 2000, Jul Average, South Africa, ZAF
5.6, 2000, Aug Average, South Africa, ZAF
35.9, 2000, Sep Average, South Africa, ZAF
42.4, 2000, Oct Average, South Africa, ZAF
72.5, 2000, Nov Average, South Africa, ZAF
64.2, 2000, Dec Average, South Africa, ZAF
38.6, 2001, Jan Average, South Africa, ZAF
57.1, 2001, Feb Average, South Africa, ZAF
54.9, 2001, Mar Average, South Africa, ZAF
51.9, 2001, Apr Average, South Africa, ZAF
20.2, 2001, May Average, South Africa, ZAF
8.3, 2001, Jun Average, South Africa, ZAF
19.1, 2001, Jul Average, South Africa, ZAF
20.6, 2001, Aug Average, South Africa, ZAF
42.6, 2001, Sep Average, South Africa, ZAF
46.3, 2001, Oct Average, South Africa, ZAF
97.1, 2001, Nov Average, South Africa, ZAF
79.9, 2001, Dec Average, South Africa, ZAF
65.0, 2002, Jan Average, South Africa, ZAF
51.0, 2002, Feb Average, South Africa, ZAF
32.1, 2002, Mar Average, South Africa, ZAF
30.0, 2002, Apr Average, South Africa, ZAF
29.4, 2002, May Average, South Africa, ZAF
15.2, 2002, Jun Average, South Africa, ZAF
16.4, 2002, Jul Average, South Africa, ZAF
32.8, 2002, Aug Average, South Africa, ZAF
22.6, 2002, Sep Average, South Africa, ZAF
23.1, 2002, Oct Average, South Africa, ZAF
28.9, 2002, Nov Average, South Africa, ZAF
66.2, 2002, Dec Average, South Africa, ZAF
50.2, 2003, Jan Average, South Africa, ZAF
48.1, 2003, Feb Average, South Africa, ZAF
68.6, 2003, Mar Average, South Africa, ZAF
21.6, 2003, Apr Average, South Africa, ZAF
16.0, 2003, May Average, South Africa, ZAF
11.8, 2003, Jun Average, South Africa, ZAF
3.8, 2003, Jul Average, South Africa, ZAF
16.8, 2003, Aug Average, South Africa, ZAF
22.4, 2003, Sep Average, South Africa, ZAF
37.4, 2003, Oct Average, South Africa, ZAF
37.1, 2003, Nov Average, South Africa, ZAF
37.7, 2003, Dec Average, South Africa, ZAF
92.5, 2004, Jan Average, South Africa, ZAF
76.3, 2004, Feb Average, South Africa, ZAF
60.2, 2004, Mar Average, South Africa, ZAF
37.4, 2004, Apr Average, South Africa, ZAF
7.5, 2004, May Average, South Africa, ZAF
9.4, 2004, Jun Average, South Africa, ZAF
11.8, 2004, Jul Average, South Africa, ZAF
11.1, 2004, Aug Average, South Africa, ZAF
27.1, 2004, Sep Average, South Africa, ZAF
30.1, 2004, Oct Average, South Africa, ZAF
28.7, 2004, Nov Average, South Africa, ZAF
77.2, 2004, Dec Average, South Africa, ZAF
75.5, 2005, Jan Average, South Africa, ZAF
59.3, 2005, Feb Average, South Africa, ZAF
48.8, 2005, Mar Average, South Africa, ZAF
47.2, 2005, Apr Average, South Africa, ZAF
16.6, 2005, May Average, South Africa, ZAF
10.0, 2005, Jun Average, South Africa, ZAF
2.9, 2005, Jul Average, South Africa, ZAF
8.5, 2005, Aug Average, South Africa, ZAF
7.1, 2005, Sep Average, South Africa, ZAF
21.5, 2005, Oct Average, South Africa, ZAF
54.0, 2005, Nov Average, South Africa, ZAF
43.2, 2005, Dec Average, South Africa, ZAF
88.1, 2006, Jan Average, South Africa, ZAF
109.5, 2006, Feb Average, South Africa, ZAF
57.1, 2006, Mar Average, South Africa, ZAF
44.1, 2006, Apr Average, South Africa, ZAF
30.7, 2006, May Average, South Africa, ZAF
7.8, 2006, Jun Average, South Africa, ZAF
8.4, 2006, Jul Average, South Africa, ZAF
39.0, 2006, Aug Average, South Africa, ZAF
12.2, 2006, Sep Average, South Africa, ZAF
37.7, 2006, Oct Average, South Africa, ZAF
56.6, 2006, Nov Average, South Africa, ZAF
74.6, 2006, Dec Average, South Africa, ZAF
35.8, 2007, Jan Average, South Africa, ZAF
27.5, 2007, Feb Average, South Africa, ZAF
55.0, 2007, Mar Average, South Africa, ZAF
40.0, 2007, Apr Average, South Africa, ZAF
13.0, 2007, May Average, South Africa, ZAF
21.0, 2007, Jun Average, South Africa, ZAF
10.7, 2007, Jul Average, South Africa, ZAF
8.4, 2007, Aug Average, South Africa, ZAF
27.5, 2007, Sep Average, South Africa, ZAF
57.9, 2007, Oct Average, South Africa, ZAF
63.6, 2007, Nov Average, South Africa, ZAF
63.9, 2007, Dec Average, South Africa, ZAF
80.8, 2008, Jan Average, South Africa, ZAF
47.3, 2008, Feb Average, South Africa, ZAF
53.3, 2008, Mar Average, South Africa, ZAF
22.5, 2008, Apr Average, South Africa, ZAF
24.1, 2008, May Average, South Africa, ZAF
20.1, 2008, Jun Average, South Africa, ZAF
12.4, 2008, Jul Average, South Africa, ZAF
10.7, 2008, Aug Average, South Africa, ZAF
13.5, 2008, Sep Average, South Africa, ZAF
25.0, 2008, Oct Average, South Africa, ZAF
70.3, 2008, Nov Average, South Africa, ZAF
57.2, 2008, Dec Average, South Africa, ZAF
75.5, 2009, Jan Average, South Africa, ZAF
91.2, 2009, Feb Average, South Africa, ZAF
32.9, 2009, Mar Average, South Africa, ZAF
19.4, 2009, Apr Average, South Africa, ZAF
15.1, 2009, May Average, South Africa, ZAF
25.8, 2009, Jun Average, South Africa, ZAF
11.5, 2009, Jul Average, South Africa, ZAF
12.7, 2009, Aug Average, South Africa, ZAF
18.7, 2009, Sep Average, South Africa, ZAF
48.2, 2009, Oct Average, South Africa, ZAF
69.2, 2009, Nov Average, South Africa, ZAF
51.3, 2009, Dec Average, South Africa, ZAF
96.6, 2010, Jan Average, South Africa, ZAF
66.5, 2010, Feb Average, South Africa, ZAF
46.2, 2010, Mar Average, South Africa, ZAF
35.5, 2010, Apr Average, South Africa, ZAF
19.4, 2010, May Average, South Africa, ZAF
11.4, 2010, Jun Average, South Africa, ZAF
8.9, 2010, Jul Average, South Africa, ZAF
7.3, 2010, Aug Average, South Africa, ZAF
9.3, 2010, Sep Average, South Africa, ZAF
31.3, 2010, Oct Average, South Africa, ZAF
55.5, 2010, Nov Average, South Africa, ZAF
85.6, 2010, Dec Average, South Africa, ZAF
96.1, 2011, Jan Average, South Africa, ZAF
70.4, 2011, Feb Average, South Africa, ZAF
67.9, 2011, Mar Average, South Africa, ZAF
55.8, 2011, Apr Average, South Africa, ZAF
39.5, 2011, May Average, South Africa, ZAF
31.7, 2011, Jun Average, South Africa, ZAF
16.5, 2011, Jul Average, South Africa, ZAF
17.4, 2011, Aug Average, South Africa, ZAF
8.2, 2011, Sep Average, South Africa, ZAF
30.1, 2011, Oct Average, South Africa, ZAF
49.0, 2011, Nov Average, South Africa, ZAF
57.8, 2011, Dec Average, South Africa, ZAF
47.6, 2012, Jan Average, South Africa, ZAF
63.0, 2012, Feb Average, South Africa, ZAF
55.9, 2012, Mar Average, South Africa, ZAF
26.2, 2012, Apr Average, South Africa, ZAF
5.2, 2012, May Average, South Africa, ZAF
24.3, 2012, Jun Average, South Africa, ZAF
19.0, 2012, Jul Average, South Africa, ZAF
13.3, 2012, Aug Average, South Africa, ZAF
26.9, 2012, Sep Average, South Africa, ZAF
61.6, 2012, Oct Average, South Africa, ZAF
37.9, 2012, Nov Average, South Africa, ZAF
81.1, 2012, Dec Average, South Africa, ZAF
60.6, 2013, Jan Average, South Africa, ZAF
40.8, 2013, Feb Average, South Africa, ZAF
55.4, 2013, Mar Average, South Africa, ZAF
33.7, 2013, Apr Average, South Africa, ZAF
8.5, 2013, May Average, South Africa, ZAF
11.9, 2013, Jun Average, South Africa, ZAF
8.1, 2013, Jul Average, South Africa, ZAF
14.9, 2013, Aug Average, South Africa, ZAF
9.9, 2013, Sep Average, South Africa, ZAF
36.6, 2013, Oct Average, South Africa, ZAF
53.3, 2013, Nov Average, South Africa, ZAF
86.1, 2013, Dec Average, South Africa, ZAF
59.3, 2014, Jan Average, South Africa, ZAF
79.1, 2014, Feb Average, South Africa, ZAF
34.9, 2014, Mar Average, South Africa, ZAF
37.5, 2014, Apr Average, South Africa, ZAF
16.3, 2014, May Average, South Africa, ZAF
10.2, 2014, Jun Average, South Africa, ZAF
9.0, 2014, Jul Average, South Africa, ZAF
17.1, 2014, Aug Average, South Africa, ZAF
15.4, 2014, Sep Average, South Africa, ZAF
24.4, 2014, Oct Average, South Africa, ZAF
68.7, 2014, Nov Average, South Africa, ZAF
77.2, 2014, Dec Average, South Africa, ZAF
42.9, 2015, Jan Average, South Africa, ZAF
41.9, 2015, Feb Average, South Africa, ZAF
58.9, 2015, Mar Average, South Africa, ZAF
37.3, 2015, Apr Average, South Africa, ZAF
7.0, 2015, May Average, South Africa, ZAF
26.5, 2015, Jun Average, South Africa, ZAF
18.9, 2015, Jul Average, South Africa, ZAF
12.3, 2015, Aug Average, South Africa, ZAF
24.3, 2015, Sep Average, South Africa, ZAF
26.4, 2015, Oct Average, South Africa, ZAF
41.9, 2015, Nov Average, South Africa, ZAF
29.4, 2015, Dec Average, South Africa, ZAF
74.3, 2016, Jan Average, South Africa, ZAF
42.7, 2016, Feb Average, South Africa, ZAF
60.2, 2016, Mar Average, South Africa, ZAF
26.4, 2016, Apr Average, South Africa, ZAF
23.7, 2016, May Average, South Africa, ZAF
9.7, 2016, Jun Average, South Africa, ZAF
17.7, 2016, Jul Average, South Africa, ZAF
9.6, 2016, Aug Average, South Africa, ZAF
16.0, 2016, Sep Average, South Africa, ZAF
28.3, 2016, Oct Average, South Africa, ZAF
51.0, 2016, Nov Average, South Africa, ZAF
63.4, 2016, Dec Average, South Africa, ZAF
82.9, 2017, Jan Average, South Africa, ZAF
85.2, 2017, Feb Average, South Africa, ZAF
30.1, 2017, Mar Average, South Africa, ZAF
32.2, 2017, Apr Average, South Africa, ZAF
11.8, 2017, May Average, South Africa, ZAF
8.1, 2017, Jun Average, South Africa, ZAF
5.1, 2017, Jul Average, South Africa, ZAF
10.5, 2017, Aug Average, South Africa, ZAF
12.9, 2017, Sep Average, South Africa, ZAF
41.4, 2017, Oct Average, South Africa, ZAF
48.1, 2017, Nov Average, South Africa, ZAF
55.6, 2017, Dec Average, South Africa, ZAF
50.2, 2018, Jan Average, South Africa, ZAF
78.2, 2018, Feb Average, South Africa, ZAF
59.5, 2018, Mar Average, South Africa, ZAF
35.7, 2018, Apr Average, South Africa, ZAF
17.3, 2018, May Average, South Africa, ZAF
5.9, 2018, Jun Average, South Africa, ZAF
8.3, 2018, Jul Average, South Africa, ZAF
13.6, 2018, Aug Average, South Africa, ZAF
17.9, 2018, Sep Average, South Africa, ZAF
27.2, 2018, Oct Average, South Africa, ZAF
25.7, 2018, Nov Average, South Africa, ZAF
43.5, 2018, Dec Average, South Africa, ZAF
51.8, 2019, Jan Average, South Africa, ZAF
64.9, 2019, Feb Average, South Africa, ZAF
46.5, 2019, Mar Average, South Africa, ZAF
49.4, 2019, Apr Average, South Africa, ZAF
10.9, 2019, May Average, South Africa, ZAF
7.1, 2019, Jun Average, South Africa, ZAF
9.4, 2019, Jul Average, South Africa, ZAF
5.5, 2019, Aug Average, South Africa, ZAF
10.6, 2019, Sep Average, South Africa, ZAF
17.0, 2019, Oct Average, South Africa, ZAF
44.4, 2019, Nov Average, South Africa, ZAF
64.4, 2019, Dec Average, South Africa, ZAF
69.5, 2020, Jan Average, South Africa, ZAF
80.5, 2020, Feb Average, South Africa, ZAF
55.5, 2020, Mar Average, South Africa, ZAF
32.1, 2020, Apr Average, South Africa, ZAF
7.7, 2020, May Average, South Africa, ZAF
10.5, 2020, Jun Average, South Africa, ZAF
9.3, 2020, Jul Average, South Africa, ZAF
11.7, 2020, Aug Average, South Africa, ZAF
18.7, 2020, Sep Average, South Africa, ZAF
36.3, 2020, Oct Average, South Africa, ZAF
62.3, 2020, Nov Average, South Africa, ZAF
66.6, 2020, Dec Average, South Africa, ZAF
